variable,frecuencia,alpha
room_type,1.0,0.00021544346900318845
property_type_grp,1.0,0.00021544346900318845
accommodates,1.0,0.00021544346900318845
bedrooms,1.0,0.00021544346900318845
es_estudio,1.0,0.00021544346900318845
latitude,1.0,0.00021544346900318845
longitude,1.0,0.00021544346900318845
dist_centro_km,1.0,0.00021544346900318845
district,1.0,0.00021544346900318845
neighbourhood,1.0,0.00021544346900318845
minimum_nights,1.0,0.00021544346900318845
estancia_min_30,1.0,0.00021544346900318845
instant_bookable,0.99,0.00021544346900318845
antiguedad_host_anios,1.0,0.00021544346900318845
n_anuncios_ny,1.0,0.00021544346900318845
host_total_listings_count,0.99,0.00021544346900318845
host_is_superhost,1.0,0.00021544346900318845
host_identity_verified,1.0,0.00021544346900318845
host_ambito,1.0,0.00021544346900318845
host_response_time,1.0,0.00021544346900318845
host_response_rate,1.0,0.00021544346900318845
host_acceptance_rate,1.0,0.00021544346900318845
reputacion_cartera,1.0,0.00021544346900318845
am_long_term_stays_allowed,1.0,0.00021544346900318845
am_heating,0.99,0.00021544346900318845
am_kitchen,0.99,0.00021544346900318845
am_essentials,1.0,0.00021544346900318845
am_smoke_alarm,1.0,0.00021544346900318845
am_air_conditioning,1.0,0.00021544346900318845
am_hangers,1.0,0.00021544346900318845
am_carbon_monoxide_alarm,1.0,0.00021544346900318845
am_tv,1.0,0.00021544346900318845
am_dedicated_workspace,0.99,0.00021544346900318845
am_hair_dryer,1.0,0.00021544346900318845
am_shampoo,1.0,0.00021544346900318845
am_iron,0.97,0.00021544346900318845
am_hot_water,0.98,0.00021544346900318845
am_refrigerator,0.9,0.00021544346900318845
am_dishes_and_silverware,0.94,0.00021544346900318845
am_washer,0.94,0.00021544346900318845
am_dryer,0.89,0.00021544346900318845
am_cooking_basics,1.0,0.00021544346900318845
am_microwave,1.0,0.00021544346900318845
am_stove,1.0,0.00021544346900318845
am_fire_extinguisher,1.0,0.00021544346900318845
am_oven,0.98,0.00021544346900318845
am_free_street_parking,0.99,0.00021544346900318845
am_coffee_maker,0.97,0.00021544346900318845
am_bed_linens,1.0,0.00021544346900318845
am_first_aid_kit,0.98,0.00021544346900318845
am_lock_on_bedroom_door,0.98,0.00021544346900318845
am_extra_pillows_and_blankets,0.98,0.00021544346900318845
am_elevator,1.0,0.00021544346900318845
am_private_entrance,1.0,0.00021544346900318845
am_cable_tv,1.0,0.00021544346900318845
am_dishwasher,1.0,0.00021544346900318845
am_luggage_dropoff_allowed,0.96,0.00021544346900318845
am_host_greets_you,0.97,0.00021544346900318845
am_lockbox,0.98,0.00021544346900318845
am_gym,1.0,0.00021544346900318845
am_bathtub,0.99,0.00021544346900318845
am_patio_or_balcony,1.0,0.00021544346900318845
am_paid_parking_off_premises,0.99,0.00021544346900318845
am_garden_or_backyard,1.0,0.00021544346900318845
am_shower_gel,0.98,0.00021544346900318845
am_free_parking_on_premises,1.0,0.00021544346900318845
am_breakfast,1.0,0.00021544346900318845
am_room_darkening_shades,0.98,0.00021544346900318845
am_ethernet_connection,0.98,0.00021544346900318845
am_keypad,0.96,0.00021544346900318845
am_freezer,0.99,0.00021544346900318845
am_indoor_fireplace,1.0,0.00021544346900318845
am_baking_sheet,0.96,0.00021544346900318845
am_laundromat_nearby,0.91,0.00021544346900318845
am_single_level_home,0.97,0.00021544346900318845
am_cleaning_before_checkout,0.96,0.00021544346900318845
am_building_staff,1.0,0.00021544346900318845
am_bbq_grill,0.99,0.00021544346900318845
am_pack_u2019n_play_travel_crib,0.99,0.00021544346900318845
