grupo,repeticion,rmse_base,rmse_permutado,aumento_rmse,experimento,fold,modelo
B0_producto,0,0.4267631844963981,0.7279029155395312,0.30113973104313313,L5_Lasso_alpha_0.0001,0,"Lineal regularizado (L4, 79 variables, ajustado)"
B0_producto,1,0.4267631844963981,0.7199622818273252,0.29319909733092714,L5_Lasso_alpha_0.0001,0,"Lineal regularizado (L4, 79 variables, ajustado)"
B0_producto,2,0.4267631844963981,0.7268548541182158,0.3000916696218177,L5_Lasso_alpha_0.0001,0,"Lineal regularizado (L4, 79 variables, ajustado)"
B0_producto,3,0.4267631844963981,0.7258644664661367,0.29910128196973856,L5_Lasso_alpha_0.0001,0,"Lineal regularizado (L4, 79 variables, ajustado)"
B0_producto,4,0.4267631844963981,0.727278979323611,0.30051579482721286,L5_Lasso_alpha_0.0001,0,"Lineal regularizado (L4, 79 variables, ajustado)"
B1_ubicacion,0,0.4267631844963981,0.5254314435385549,0.09866825904215676,L5_Lasso_alpha_0.0001,0,"Lineal regularizado (L4, 79 variables, ajustado)"
B1_ubicacion,1,0.4267631844963981,0.5222896572248522,0.0955264727284541,L5_Lasso_alpha_0.0001,0,"Lineal regularizado (L4, 79 variables, ajustado)"
B1_ubicacion,2,0.4267631844963981,0.5251101885847176,0.09834700408831948,L5_Lasso_alpha_0.0001,0,"Lineal regularizado (L4, 79 variables, ajustado)"
B1_ubicacion,3,0.4267631844963981,0.5215002180224897,0.09473703352609159,L5_Lasso_alpha_0.0001,0,"Lineal regularizado (L4, 79 variables, ajustado)"
B1_ubicacion,4,0.4267631844963981,0.5225245996759786,0.09576141517958053,L5_Lasso_alpha_0.0001,0,"Lineal regularizado (L4, 79 variables, ajustado)"
B2a_condiciones,0,0.4267631844963981,0.4300331598119012,0.003269975315503104,L5_Lasso_alpha_0.0001,0,"Lineal regularizado (L4, 79 variables, ajustado)"
B2a_condiciones,1,0.4267631844963981,0.4298907288262838,0.003127544329885712,L5_Lasso_alpha_0.0001,0,"Lineal regularizado (L4, 79 variables, ajustado)"
B2a_condiciones,2,0.4267631844963981,0.42974382305159875,0.002980638555200643,L5_Lasso_alpha_0.0001,0,"Lineal regularizado (L4, 79 variables, ajustado)"
B2a_condiciones,3,0.4267631844963981,0.4301876088355303,0.003424424339132204,L5_Lasso_alpha_0.0001,0,"Lineal regularizado (L4, 79 variables, ajustado)"
B2a_condiciones,4,0.4267631844963981,0.42976648306193443,0.0030032985655363276,L5_Lasso_alpha_0.0001,0,"Lineal regularizado (L4, 79 variables, ajustado)"
B2b_anfitrion,0,0.4267631844963981,0.4828255309202458,0.05606234642384772,L5_Lasso_alpha_0.0001,0,"Lineal regularizado (L4, 79 variables, ajustado)"
B2b_anfitrion,1,0.4267631844963981,0.4819802186535885,0.05521703415719037,L5_Lasso_alpha_0.0001,0,"Lineal regularizado (L4, 79 variables, ajustado)"
B2b_anfitrion,2,0.4267631844963981,0.48279969525736777,0.05603651076096966,L5_Lasso_alpha_0.0001,0,"Lineal regularizado (L4, 79 variables, ajustado)"
B2b_anfitrion,3,0.4267631844963981,0.48106607516651434,0.05430289067011623,L5_Lasso_alpha_0.0001,0,"Lineal regularizado (L4, 79 variables, ajustado)"
B2b_anfitrion,4,0.4267631844963981,0.4822554462085019,0.05549226171210381,L5_Lasso_alpha_0.0001,0,"Lineal regularizado (L4, 79 variables, ajustado)"
B3_amenities_comunes,0,0.4267631844963981,0.46282724190570435,0.03606405740930624,L5_Lasso_alpha_0.0001,0,"Lineal regularizado (L4, 79 variables, ajustado)"
B3_amenities_comunes,1,0.4267631844963981,0.4644961842300729,0.03773299973367478,L5_Lasso_alpha_0.0001,0,"Lineal regularizado (L4, 79 variables, ajustado)"
B3_amenities_comunes,2,0.4267631844963981,0.465493925358949,0.038730740862550905,L5_Lasso_alpha_0.0001,0,"Lineal regularizado (L4, 79 variables, ajustado)"
B3_amenities_comunes,3,0.4267631844963981,0.4656697163956674,0.03890653189926929,L5_Lasso_alpha_0.0001,0,"Lineal regularizado (L4, 79 variables, ajustado)"
B3_amenities_comunes,4,0.4267631844963981,0.46648384259252623,0.039720658096128125,L5_Lasso_alpha_0.0001,0,"Lineal regularizado (L4, 79 variables, ajustado)"
B0_producto,0,0.4483903852884768,0.7493061697107872,0.30091578442231043,L5_Lasso_alpha_0.0001,1,"Lineal regularizado (L4, 79 variables, ajustado)"
B0_producto,1,0.4483903852884768,0.7534744086449922,0.30508402335651535,L5_Lasso_alpha_0.0001,1,"Lineal regularizado (L4, 79 variables, ajustado)"
B0_producto,2,0.4483903852884768,0.7530223709523308,0.304631985663854,L5_Lasso_alpha_0.0001,1,"Lineal regularizado (L4, 79 variables, ajustado)"
B0_producto,3,0.4483903852884768,0.7526035237946208,0.304213138506144,L5_Lasso_alpha_0.0001,1,"Lineal regularizado (L4, 79 variables, ajustado)"
B0_producto,4,0.4483903852884768,0.7446578753490397,0.2962674900605629,L5_Lasso_alpha_0.0001,1,"Lineal regularizado (L4, 79 variables, ajustado)"
B1_ubicacion,0,0.4483903852884768,0.5332685560816364,0.08487817079315957,L5_Lasso_alpha_0.0001,1,"Lineal regularizado (L4, 79 variables, ajustado)"
B1_ubicacion,1,0.4483903852884768,0.5338402176767199,0.08544983238824305,L5_Lasso_alpha_0.0001,1,"Lineal regularizado (L4, 79 variables, ajustado)"
B1_ubicacion,2,0.4483903852884768,0.5332307950488694,0.08484040976039259,L5_Lasso_alpha_0.0001,1,"Lineal regularizado (L4, 79 variables, ajustado)"
B1_ubicacion,3,0.4483903852884768,0.5395387091037168,0.09114832381524002,L5_Lasso_alpha_0.0001,1,"Lineal regularizado (L4, 79 variables, ajustado)"
B1_ubicacion,4,0.4483903852884768,0.5351215026343841,0.08673111734590727,L5_Lasso_alpha_0.0001,1,"Lineal regularizado (L4, 79 variables, ajustado)"
B2a_condiciones,0,0.4483903852884768,0.4517056515318697,0.0033152662433929003,L5_Lasso_alpha_0.0001,1,"Lineal regularizado (L4, 79 variables, ajustado)"
B2a_condiciones,1,0.4483903852884768,0.4519000395753328,0.003509654286856012,L5_Lasso_alpha_0.0001,1,"Lineal regularizado (L4, 79 variables, ajustado)"
B2a_condiciones,2,0.4483903852884768,0.4527102451619929,0.004319859873516074,L5_Lasso_alpha_0.0001,1,"Lineal regularizado (L4, 79 variables, ajustado)"
B2a_condiciones,3,0.4483903852884768,0.45272278026577367,0.004332394977296872,L5_Lasso_alpha_0.0001,1,"Lineal regularizado (L4, 79 variables, ajustado)"
B2a_condiciones,4,0.4483903852884768,0.452150560820571,0.0037601755320941788,L5_Lasso_alpha_0.0001,1,"Lineal regularizado (L4, 79 variables, ajustado)"
B2b_anfitrion,0,0.4483903852884768,0.49852519362282316,0.05013480833434636,L5_Lasso_alpha_0.0001,1,"Lineal regularizado (L4, 79 variables, ajustado)"
B2b_anfitrion,1,0.4483903852884768,0.5016307029210106,0.05324031763253384,L5_Lasso_alpha_0.0001,1,"Lineal regularizado (L4, 79 variables, ajustado)"
B2b_anfitrion,2,0.4483903852884768,0.49666774067469105,0.04827735538621425,L5_Lasso_alpha_0.0001,1,"Lineal regularizado (L4, 79 variables, ajustado)"
B2b_anfitrion,3,0.4483903852884768,0.5013013435493993,0.05291095826092246,L5_Lasso_alpha_0.0001,1,"Lineal regularizado (L4, 79 variables, ajustado)"
B2b_anfitrion,4,0.4483903852884768,0.49952741182536475,0.05113702653688795,L5_Lasso_alpha_0.0001,1,"Lineal regularizado (L4, 79 variables, ajustado)"
B3_amenities_comunes,0,0.4483903852884768,0.48172015290890857,0.03332976762043177,L5_Lasso_alpha_0.0001,1,"Lineal regularizado (L4, 79 variables, ajustado)"
B3_amenities_comunes,1,0.4483903852884768,0.48167220585545534,0.03328182056697854,L5_Lasso_alpha_0.0001,1,"Lineal regularizado (L4, 79 variables, ajustado)"
B3_amenities_comunes,2,0.4483903852884768,0.48211881253752287,0.03372842724904607,L5_Lasso_alpha_0.0001,1,"Lineal regularizado (L4, 79 variables, ajustado)"
B3_amenities_comunes,3,0.4483903852884768,0.48390355016806874,0.03551316487959194,L5_Lasso_alpha_0.0001,1,"Lineal regularizado (L4, 79 variables, ajustado)"
B3_amenities_comunes,4,0.4483903852884768,0.47945394881102543,0.03106356352254863,L5_Lasso_alpha_0.0001,1,"Lineal regularizado (L4, 79 variables, ajustado)"
B0_producto,0,0.4662892954311469,0.7826158426467561,0.3163265472156092,K1_knn_subconjunto_k75_distance,0,kNN subconjunto (K1)
B0_producto,1,0.4662892954311469,0.7722961618559052,0.30600686642475833,K1_knn_subconjunto_k75_distance,0,kNN subconjunto (K1)
B0_producto,2,0.4662892954311469,0.7808697238775145,0.31458042844636763,K1_knn_subconjunto_k75_distance,0,kNN subconjunto (K1)
B0_producto,3,0.4662892954311469,0.7837359923601878,0.3174466969290409,K1_knn_subconjunto_k75_distance,0,kNN subconjunto (K1)
B0_producto,4,0.4662892954311469,0.7819520179924404,0.3156627225612935,K1_knn_subconjunto_k75_distance,0,kNN subconjunto (K1)
B1_ubicacion,0,0.4662892954311469,0.5785573833111094,0.11226808787996251,K1_knn_subconjunto_k75_distance,0,kNN subconjunto (K1)
B1_ubicacion,1,0.4662892954311469,0.5753239647567648,0.10903466932561795,K1_knn_subconjunto_k75_distance,0,kNN subconjunto (K1)
B1_ubicacion,2,0.4662892954311469,0.5772682272219518,0.11097893179080492,K1_knn_subconjunto_k75_distance,0,kNN subconjunto (K1)
B1_ubicacion,3,0.4662892954311469,0.5692928345447473,0.10300353911360044,K1_knn_subconjunto_k75_distance,0,kNN subconjunto (K1)
B1_ubicacion,4,0.4662892954311469,0.575807256789719,0.10951796135857211,K1_knn_subconjunto_k75_distance,0,kNN subconjunto (K1)
B0_producto,0,0.4943364675710854,0.796896336426026,0.3025598688549406,K1_knn_subconjunto_k75_distance,1,kNN subconjunto (K1)
B0_producto,1,0.4943364675710854,0.8070357847204982,0.3126993171494128,K1_knn_subconjunto_k75_distance,1,kNN subconjunto (K1)
B0_producto,2,0.4943364675710854,0.804746849174249,0.3104103816031636,K1_knn_subconjunto_k75_distance,1,kNN subconjunto (K1)
B0_producto,3,0.4943364675710854,0.8075314390351513,0.31319497146406594,K1_knn_subconjunto_k75_distance,1,kNN subconjunto (K1)
B0_producto,4,0.4943364675710854,0.7939376967128239,0.2996012291417385,K1_knn_subconjunto_k75_distance,1,kNN subconjunto (K1)
B1_ubicacion,0,0.4943364675710854,0.5951669961114022,0.10083052854031682,K1_knn_subconjunto_k75_distance,1,kNN subconjunto (K1)
B1_ubicacion,1,0.4943364675710854,0.5957156367848011,0.1013791692137157,K1_knn_subconjunto_k75_distance,1,kNN subconjunto (K1)
B1_ubicacion,2,0.4943364675710854,0.5984252863940932,0.1040888188230078,K1_knn_subconjunto_k75_distance,1,kNN subconjunto (K1)
B1_ubicacion,3,0.4943364675710854,0.6036763388954366,0.10933987132435119,K1_knn_subconjunto_k75_distance,1,kNN subconjunto (K1)
B1_ubicacion,4,0.4943364675710854,0.6005208773476789,0.10618440977659349,K1_knn_subconjunto_k75_distance,1,kNN subconjunto (K1)
B0_producto,0,0.47254210584425194,0.7065323487466304,0.23399024290237846,K3_knn_pcamix51_k20,0,kNN con PCAmix (K3)
B0_producto,1,0.47254210584425194,0.6913521332160113,0.21881002737175936,K3_knn_pcamix51_k20,0,kNN con PCAmix (K3)
B0_producto,2,0.47254210584425194,0.7018999799186814,0.22935787407442942,K3_knn_pcamix51_k20,0,kNN con PCAmix (K3)
B0_producto,3,0.47254210584425194,0.7055747620889676,0.2330326562447157,K3_knn_pcamix51_k20,0,kNN con PCAmix (K3)
B0_producto,4,0.47254210584425194,0.697566828229595,0.2250247223853431,K3_knn_pcamix51_k20,0,kNN con PCAmix (K3)
B1_ubicacion,0,0.47254210584425194,0.5198209540485493,0.0472788482042974,K3_knn_pcamix51_k20,0,kNN con PCAmix (K3)
B1_ubicacion,1,0.47254210584425194,0.5160347620860157,0.043492656241763794,K3_knn_pcamix51_k20,0,kNN con PCAmix (K3)
B1_ubicacion,2,0.47254210584425194,0.5188078364581072,0.046265730613855305,K3_knn_pcamix51_k20,0,kNN con PCAmix (K3)
B1_ubicacion,3,0.47254210584425194,0.5174388956703794,0.04489678982612744,K3_knn_pcamix51_k20,0,kNN con PCAmix (K3)
B1_ubicacion,4,0.47254210584425194,0.5156924515628832,0.0431503457186313,K3_knn_pcamix51_k20,0,kNN con PCAmix (K3)
B2a_condiciones,0,0.47254210584425194,0.47149486131748547,-0.0010472445267664665,K3_knn_pcamix51_k20,0,kNN con PCAmix (K3)
B2a_condiciones,1,0.47254210584425194,0.4717852337759642,-0.0007568720682877284,K3_knn_pcamix51_k20,0,kNN con PCAmix (K3)
B2a_condiciones,2,0.47254210584425194,0.4722165867778261,-0.00032551906642586115,K3_knn_pcamix51_k20,0,kNN con PCAmix (K3)
B2a_condiciones,3,0.47254210584425194,0.4718788019308756,-0.000663303913376323,K3_knn_pcamix51_k20,0,kNN con PCAmix (K3)
B2a_condiciones,4,0.47254210584425194,0.47233811556066674,-0.0002039902835851981,K3_knn_pcamix51_k20,0,kNN con PCAmix (K3)
B2b_anfitrion,0,0.47254210584425194,0.49546851544004533,0.022926409595793396,K3_knn_pcamix51_k20,0,kNN con PCAmix (K3)
B2b_anfitrion,1,0.47254210584425194,0.4964684950582273,0.023926389213975385,K3_knn_pcamix51_k20,0,kNN con PCAmix (K3)
B2b_anfitrion,2,0.47254210584425194,0.4937989171604523,0.021256811316200386,K3_knn_pcamix51_k20,0,kNN con PCAmix (K3)
B2b_anfitrion,3,0.47254210584425194,0.49622089800169744,0.023678792157445505,K3_knn_pcamix51_k20,0,kNN con PCAmix (K3)
B2b_anfitrion,4,0.47254210584425194,0.4980024804527208,0.02546037460846884,K3_knn_pcamix51_k20,0,kNN con PCAmix (K3)
B3_amenities_comunes,0,0.47254210584425194,0.5390432092255479,0.066501103381296,K3_knn_pcamix51_k20,0,kNN con PCAmix (K3)
B3_amenities_comunes,1,0.47254210584425194,0.5361836530837962,0.0636415472395443,K3_knn_pcamix51_k20,0,kNN con PCAmix (K3)
B3_amenities_comunes,2,0.47254210584425194,0.5360444877168808,0.06350238187262891,K3_knn_pcamix51_k20,0,kNN con PCAmix (K3)
B3_amenities_comunes,3,0.47254210584425194,0.5346720574095226,0.06212995156527068,K3_knn_pcamix51_k20,0,kNN con PCAmix (K3)
B3_amenities_comunes,4,0.47254210584425194,0.5313014313785822,0.058759325534330276,K3_knn_pcamix51_k20,0,kNN con PCAmix (K3)
B0_producto,0,0.4962717575337482,0.72157794883992,0.2253061913061718,K3_knn_pcamix51_k20,1,kNN con PCAmix (K3)
B0_producto,1,0.4962717575337482,0.726926224224056,0.23065446669030776,K3_knn_pcamix51_k20,1,kNN con PCAmix (K3)
B0_producto,2,0.4962717575337482,0.7242084569687587,0.2279366994350105,K3_knn_pcamix51_k20,1,kNN con PCAmix (K3)
B0_producto,3,0.4962717575337482,0.7252376226925505,0.22896586515880235,K3_knn_pcamix51_k20,1,kNN con PCAmix (K3)
B0_producto,4,0.4962717575337482,0.7181195155561152,0.221847758022367,K3_knn_pcamix51_k20,1,kNN con PCAmix (K3)
B1_ubicacion,0,0.4962717575337482,0.5337977104628407,0.037525952929092554,K3_knn_pcamix51_k20,1,kNN con PCAmix (K3)
B1_ubicacion,1,0.4962717575337482,0.5342475488935294,0.03797579135978124,K3_knn_pcamix51_k20,1,kNN con PCAmix (K3)
B1_ubicacion,2,0.4962717575337482,0.5354095938549625,0.03913783632121426,K3_knn_pcamix51_k20,1,kNN con PCAmix (K3)
B1_ubicacion,3,0.4962717575337482,0.5385195835287302,0.042247825994982,K3_knn_pcamix51_k20,1,kNN con PCAmix (K3)
B1_ubicacion,4,0.4962717575337482,0.5335690251287377,0.037297267594989525,K3_knn_pcamix51_k20,1,kNN con PCAmix (K3)
B2a_condiciones,0,0.4962717575337482,0.49688352325544094,0.0006117657216927475,K3_knn_pcamix51_k20,1,kNN con PCAmix (K3)
B2a_condiciones,1,0.4962717575337482,0.49598449121212546,-0.0002872663216227367,K3_knn_pcamix51_k20,1,kNN con PCAmix (K3)
B2a_condiciones,2,0.4962717575337482,0.49702829222921263,0.0007565346954644392,K3_knn_pcamix51_k20,1,kNN con PCAmix (K3)
B2a_condiciones,3,0.4962717575337482,0.497300456281074,0.001028698747325807,K3_knn_pcamix51_k20,1,kNN con PCAmix (K3)
B2a_condiciones,4,0.4962717575337482,0.49678245628579315,0.000510698752044958,K3_knn_pcamix51_k20,1,kNN con PCAmix (K3)
B2b_anfitrion,0,0.4962717575337482,0.5114042171518621,0.015132459618113936,K3_knn_pcamix51_k20,1,kNN con PCAmix (K3)
B2b_anfitrion,1,0.4962717575337482,0.5181068869848156,0.02183512945106736,K3_knn_pcamix51_k20,1,kNN con PCAmix (K3)
B2b_anfitrion,2,0.4962717575337482,0.514593634247299,0.01832187671355079,K3_knn_pcamix51_k20,1,kNN con PCAmix (K3)
B2b_anfitrion,3,0.4962717575337482,0.517032301451222,0.02076054391747384,K3_knn_pcamix51_k20,1,kNN con PCAmix (K3)
B2b_anfitrion,4,0.4962717575337482,0.5140652507618262,0.017793493228077994,K3_knn_pcamix51_k20,1,kNN con PCAmix (K3)
B3_amenities_comunes,0,0.4962717575337482,0.5521695818149892,0.055897824281241015,K3_knn_pcamix51_k20,1,kNN con PCAmix (K3)
B3_amenities_comunes,1,0.4962717575337482,0.550471466351905,0.05419970881815683,K3_knn_pcamix51_k20,1,kNN con PCAmix (K3)
B3_amenities_comunes,2,0.4962717575337482,0.5531570614142048,0.05688530388045665,K3_knn_pcamix51_k20,1,kNN con PCAmix (K3)
B3_amenities_comunes,3,0.4962717575337482,0.5561617542738382,0.05988999674008999,K3_knn_pcamix51_k20,1,kNN con PCAmix (K3)
B3_amenities_comunes,4,0.4962717575337482,0.5504326991367647,0.054160941603016544,K3_knn_pcamix51_k20,1,kNN con PCAmix (K3)
B0_producto,0,0.4668177019207665,0.7930861208161045,0.32626841889533803,T_arbol_d10_hoja50,0,Árbol de decisión (prepoda)
B0_producto,1,0.4668177019207665,0.7880837792397267,0.32126607731896023,T_arbol_d10_hoja50,0,Árbol de decisión (prepoda)
B0_producto,2,0.4668177019207665,0.7926767892711148,0.32585908735034835,T_arbol_d10_hoja50,0,Árbol de decisión (prepoda)
B0_producto,3,0.4668177019207665,0.7948284825287586,0.3280107806079921,T_arbol_d10_hoja50,0,Árbol de decisión (prepoda)
B0_producto,4,0.4668177019207665,0.7974192009762868,0.33060149905552033,T_arbol_d10_hoja50,0,Árbol de decisión (prepoda)
B1_ubicacion,0,0.4668177019207665,0.5692829130618619,0.10246521114109536,T_arbol_d10_hoja50,0,Árbol de decisión (prepoda)
B1_ubicacion,1,0.4668177019207665,0.5677652857128502,0.10094758379208374,T_arbol_d10_hoja50,0,Árbol de decisión (prepoda)
B1_ubicacion,2,0.4668177019207665,0.5714043222297237,0.10458662030895721,T_arbol_d10_hoja50,0,Árbol de decisión (prepoda)
B1_ubicacion,3,0.4668177019207665,0.5645565109075409,0.0977388089867744,T_arbol_d10_hoja50,0,Árbol de decisión (prepoda)
B1_ubicacion,4,0.4668177019207665,0.5655684973905806,0.09875079546981408,T_arbol_d10_hoja50,0,Árbol de decisión (prepoda)
B2a_condiciones,0,0.4668177019207665,0.4699156396172282,0.0030979376964617167,T_arbol_d10_hoja50,0,Árbol de decisión (prepoda)
B2a_condiciones,1,0.4668177019207665,0.4689674073195624,0.002149705398795887,T_arbol_d10_hoja50,0,Árbol de decisión (prepoda)
B2a_condiciones,2,0.4668177019207665,0.4689767250592817,0.0021590231385151815,T_arbol_d10_hoja50,0,Árbol de decisión (prepoda)
B2a_condiciones,3,0.4668177019207665,0.47005187274372,0.0032341708229535193,T_arbol_d10_hoja50,0,Árbol de decisión (prepoda)
B2a_condiciones,4,0.4668177019207665,0.4694054716134149,0.0025877696926484006,T_arbol_d10_hoja50,0,Árbol de decisión (prepoda)
B2b_anfitrion,0,0.4668177019207665,0.5099638382395152,0.043146136318748696,T_arbol_d10_hoja50,0,Árbol de decisión (prepoda)
B2b_anfitrion,1,0.4668177019207665,0.5042418272966225,0.03742412537585599,T_arbol_d10_hoja50,0,Árbol de decisión (prepoda)
B2b_anfitrion,2,0.4668177019207665,0.5078834190468137,0.041065717126047174,T_arbol_d10_hoja50,0,Árbol de decisión (prepoda)
B2b_anfitrion,3,0.4668177019207665,0.5078538492770268,0.04103614735626032,T_arbol_d10_hoja50,0,Árbol de decisión (prepoda)
B2b_anfitrion,4,0.4668177019207665,0.5106145075490514,0.04379680562828486,T_arbol_d10_hoja50,0,Árbol de decisión (prepoda)
B3_amenities_comunes,0,0.4668177019207665,0.48565440171420216,0.018836699793435663,T_arbol_d10_hoja50,0,Árbol de decisión (prepoda)
B3_amenities_comunes,1,0.4668177019207665,0.4869268943330241,0.020109192412257615,T_arbol_d10_hoja50,0,Árbol de decisión (prepoda)
B3_amenities_comunes,2,0.4668177019207665,0.48829898826905616,0.021481286348289663,T_arbol_d10_hoja50,0,Árbol de decisión (prepoda)
B3_amenities_comunes,3,0.4668177019207665,0.4860536737408055,0.019235971820039,T_arbol_d10_hoja50,0,Árbol de decisión (prepoda)
B3_amenities_comunes,4,0.4668177019207665,0.48727627223489167,0.02045857031412518,T_arbol_d10_hoja50,0,Árbol de decisión (prepoda)
B0_producto,0,0.49505551680803644,0.8034408475050652,0.3083853306970287,T_arbol_d10_hoja50,1,Árbol de decisión (prepoda)
B0_producto,1,0.49505551680803644,0.8091897607613654,0.31413424395332895,T_arbol_d10_hoja50,1,Árbol de decisión (prepoda)
B0_producto,2,0.49505551680803644,0.8099377500015157,0.31488223319347924,T_arbol_d10_hoja50,1,Árbol de decisión (prepoda)
B0_producto,3,0.49505551680803644,0.8148430726247659,0.3197875558167294,T_arbol_d10_hoja50,1,Árbol de decisión (prepoda)
B0_producto,4,0.49505551680803644,0.8017273865695191,0.3066718697614827,T_arbol_d10_hoja50,1,Árbol de decisión (prepoda)
B1_ubicacion,0,0.49505551680803644,0.5823818210370645,0.08732630422902804,T_arbol_d10_hoja50,1,Árbol de decisión (prepoda)
B1_ubicacion,1,0.49505551680803644,0.580614420590425,0.08555890378238856,T_arbol_d10_hoja50,1,Árbol de decisión (prepoda)
B1_ubicacion,2,0.49505551680803644,0.5782109023744574,0.08315538556642094,T_arbol_d10_hoja50,1,Árbol de decisión (prepoda)
B1_ubicacion,3,0.49505551680803644,0.5851354499115475,0.09007993310351109,T_arbol_d10_hoja50,1,Árbol de decisión (prepoda)
B1_ubicacion,4,0.49505551680803644,0.5810731094724306,0.08601759266439418,T_arbol_d10_hoja50,1,Árbol de decisión (prepoda)
B2a_condiciones,0,0.49505551680803644,0.49570207826150897,0.0006465614534725272,T_arbol_d10_hoja50,1,Árbol de decisión (prepoda)
B2a_condiciones,1,0.49505551680803644,0.4956958976144624,0.0006403808064259775,T_arbol_d10_hoja50,1,Árbol de decisión (prepoda)
B2a_condiciones,2,0.49505551680803644,0.49577707681205496,0.0007215600040185177,T_arbol_d10_hoja50,1,Árbol de decisión (prepoda)
B2a_condiciones,3,0.49505551680803644,0.4954737659506512,0.000418249142614735,T_arbol_d10_hoja50,1,Árbol de decisión (prepoda)
B2a_condiciones,4,0.49505551680803644,0.49553353591598664,0.00047801910795020053,T_arbol_d10_hoja50,1,Árbol de decisión (prepoda)
B2b_anfitrion,0,0.49505551680803644,0.5486851042475687,0.05362958743953222,T_arbol_d10_hoja50,1,Árbol de decisión (prepoda)
B2b_anfitrion,1,0.49505551680803644,0.5490399909921283,0.05398447418409186,T_arbol_d10_hoja50,1,Árbol de decisión (prepoda)
B2b_anfitrion,2,0.49505551680803644,0.5478173701849396,0.052761853376903145,T_arbol_d10_hoja50,1,Árbol de decisión (prepoda)
B2b_anfitrion,3,0.49505551680803644,0.5501935396990358,0.055138022890999394,T_arbol_d10_hoja50,1,Árbol de decisión (prepoda)
B2b_anfitrion,4,0.49505551680803644,0.5513552640949221,0.05629974728688564,T_arbol_d10_hoja50,1,Árbol de decisión (prepoda)
B3_amenities_comunes,0,0.49505551680803644,0.5121294355119277,0.017073918703891244,T_arbol_d10_hoja50,1,Árbol de decisión (prepoda)
B3_amenities_comunes,1,0.49505551680803644,0.5107078933938209,0.0156523765857845,T_arbol_d10_hoja50,1,Árbol de decisión (prepoda)
B3_amenities_comunes,2,0.49505551680803644,0.5094315889531804,0.01437607214514397,T_arbol_d10_hoja50,1,Árbol de decisión (prepoda)
B3_amenities_comunes,3,0.49505551680803644,0.5143825271311316,0.019327010323095195,T_arbol_d10_hoja50,1,Árbol de decisión (prepoda)
B3_amenities_comunes,4,0.49505551680803644,0.5104438684428071,0.015388351634770647,T_arbol_d10_hoja50,1,Árbol de decisión (prepoda)
B0_producto,0,0.47293362158265523,0.8023923087375702,0.32945868715491494,T_arbol_poda_ccp4.64e-04,0,Árbol de decisión (poda 1-SE)
B0_producto,1,0.47293362158265523,0.7956067522046104,0.3226731306219552,T_arbol_poda_ccp4.64e-04,0,Árbol de decisión (poda 1-SE)
B0_producto,2,0.47293362158265523,0.8041850204634152,0.33125139888076,T_arbol_poda_ccp4.64e-04,0,Árbol de decisión (poda 1-SE)
B0_producto,3,0.47293362158265523,0.8040188449681344,0.33108522338547913,T_arbol_poda_ccp4.64e-04,0,Árbol de decisión (poda 1-SE)
B0_producto,4,0.47293362158265523,0.8024586690917423,0.3295250475090871,T_arbol_poda_ccp4.64e-04,0,Árbol de decisión (poda 1-SE)
B1_ubicacion,0,0.47293362158265523,0.5624645632295887,0.08953094164693348,T_arbol_poda_ccp4.64e-04,0,Árbol de decisión (poda 1-SE)
B1_ubicacion,1,0.47293362158265523,0.5596944275933944,0.08676080601073916,T_arbol_poda_ccp4.64e-04,0,Árbol de decisión (poda 1-SE)
B1_ubicacion,2,0.47293362158265523,0.5680869633353588,0.09515334175270357,T_arbol_poda_ccp4.64e-04,0,Árbol de decisión (poda 1-SE)
B1_ubicacion,3,0.47293362158265523,0.5590091563943537,0.08607553481169844,T_arbol_poda_ccp4.64e-04,0,Árbol de decisión (poda 1-SE)
B1_ubicacion,4,0.47293362158265523,0.5607420147631806,0.08780839318052541,T_arbol_poda_ccp4.64e-04,0,Árbol de decisión (poda 1-SE)
B2a_condiciones,0,0.47293362158265523,0.47293362158265523,0.0,T_arbol_poda_ccp4.64e-04,0,Árbol de decisión (poda 1-SE)
B2a_condiciones,1,0.47293362158265523,0.47293362158265523,0.0,T_arbol_poda_ccp4.64e-04,0,Árbol de decisión (poda 1-SE)
B2a_condiciones,2,0.47293362158265523,0.47293362158265523,0.0,T_arbol_poda_ccp4.64e-04,0,Árbol de decisión (poda 1-SE)
B2a_condiciones,3,0.47293362158265523,0.47293362158265523,0.0,T_arbol_poda_ccp4.64e-04,0,Árbol de decisión (poda 1-SE)
B2a_condiciones,4,0.47293362158265523,0.47293362158265523,0.0,T_arbol_poda_ccp4.64e-04,0,Árbol de decisión (poda 1-SE)
B2b_anfitrion,0,0.47293362158265523,0.5111153053012425,0.03818168371858727,T_arbol_poda_ccp4.64e-04,0,Árbol de decisión (poda 1-SE)
B2b_anfitrion,1,0.47293362158265523,0.5129798671778514,0.04004624559519615,T_arbol_poda_ccp4.64e-04,0,Árbol de decisión (poda 1-SE)
B2b_anfitrion,2,0.47293362158265523,0.5090523209117429,0.03611869932908768,T_arbol_poda_ccp4.64e-04,0,Árbol de decisión (poda 1-SE)
B2b_anfitrion,3,0.47293362158265523,0.5133599094230227,0.04042628784036745,T_arbol_poda_ccp4.64e-04,0,Árbol de decisión (poda 1-SE)
B2b_anfitrion,4,0.47293362158265523,0.5155458315275031,0.04261220994484788,T_arbol_poda_ccp4.64e-04,0,Árbol de decisión (poda 1-SE)
B3_amenities_comunes,0,0.47293362158265523,0.4854164619084211,0.012482840325765854,T_arbol_poda_ccp4.64e-04,0,Árbol de decisión (poda 1-SE)
B3_amenities_comunes,1,0.47293362158265523,0.4854831339295809,0.012549512346925695,T_arbol_poda_ccp4.64e-04,0,Árbol de decisión (poda 1-SE)
B3_amenities_comunes,2,0.47293362158265523,0.486637132054486,0.013703510471830771,T_arbol_poda_ccp4.64e-04,0,Árbol de decisión (poda 1-SE)
B3_amenities_comunes,3,0.47293362158265523,0.48476010182848756,0.011826480245832327,T_arbol_poda_ccp4.64e-04,0,Árbol de decisión (poda 1-SE)
B3_amenities_comunes,4,0.47293362158265523,0.4859228844872211,0.012989262904565868,T_arbol_poda_ccp4.64e-04,0,Árbol de decisión (poda 1-SE)
B0_producto,0,0.505951266260742,0.8157069751738755,0.3097557089131334,T_arbol_poda_ccp4.64e-04,1,Árbol de decisión (poda 1-SE)
B0_producto,1,0.505951266260742,0.8238011066815887,0.31784984042084663,T_arbol_poda_ccp4.64e-04,1,Árbol de decisión (poda 1-SE)
B0_producto,2,0.505951266260742,0.8259067324333166,0.31995546617257453,T_arbol_poda_ccp4.64e-04,1,Árbol de decisión (poda 1-SE)
B0_producto,3,0.505951266260742,0.8286989188327767,0.32274765257203464,T_arbol_poda_ccp4.64e-04,1,Árbol de decisión (poda 1-SE)
B0_producto,4,0.505951266260742,0.8130736644621556,0.3071223982014135,T_arbol_poda_ccp4.64e-04,1,Árbol de decisión (poda 1-SE)
B1_ubicacion,0,0.505951266260742,0.5820045564469861,0.07605329018624407,T_arbol_poda_ccp4.64e-04,1,Árbol de decisión (poda 1-SE)
B1_ubicacion,1,0.505951266260742,0.5798530654074656,0.07390179914672357,T_arbol_poda_ccp4.64e-04,1,Árbol de decisión (poda 1-SE)
B1_ubicacion,2,0.505951266260742,0.5775933713566159,0.07164210509587388,T_arbol_poda_ccp4.64e-04,1,Árbol de decisión (poda 1-SE)
B1_ubicacion,3,0.505951266260742,0.5878050950682996,0.08185382880755754,T_arbol_poda_ccp4.64e-04,1,Árbol de decisión (poda 1-SE)
B1_ubicacion,4,0.505951266260742,0.5804223659052578,0.0744710996445157,T_arbol_poda_ccp4.64e-04,1,Árbol de decisión (poda 1-SE)
B2a_condiciones,0,0.505951266260742,0.505951266260742,0.0,T_arbol_poda_ccp4.64e-04,1,Árbol de decisión (poda 1-SE)
B2a_condiciones,1,0.505951266260742,0.505951266260742,0.0,T_arbol_poda_ccp4.64e-04,1,Árbol de decisión (poda 1-SE)
B2a_condiciones,2,0.505951266260742,0.505951266260742,0.0,T_arbol_poda_ccp4.64e-04,1,Árbol de decisión (poda 1-SE)
B2a_condiciones,3,0.505951266260742,0.505951266260742,0.0,T_arbol_poda_ccp4.64e-04,1,Árbol de decisión (poda 1-SE)
B2a_condiciones,4,0.505951266260742,0.505951266260742,0.0,T_arbol_poda_ccp4.64e-04,1,Árbol de decisión (poda 1-SE)
B2b_anfitrion,0,0.505951266260742,0.5420165257672626,0.03606525950652051,T_arbol_poda_ccp4.64e-04,1,Árbol de decisión (poda 1-SE)
B2b_anfitrion,1,0.505951266260742,0.5424205195914302,0.03646925333068818,T_arbol_poda_ccp4.64e-04,1,Árbol de decisión (poda 1-SE)
B2b_anfitrion,2,0.505951266260742,0.541586040684555,0.03563477442381291,T_arbol_poda_ccp4.64e-04,1,Árbol de decisión (poda 1-SE)
B2b_anfitrion,3,0.505951266260742,0.5451229981789291,0.039171731918187014,T_arbol_poda_ccp4.64e-04,1,Árbol de decisión (poda 1-SE)
B2b_anfitrion,4,0.505951266260742,0.5440528921668063,0.03810162590606425,T_arbol_poda_ccp4.64e-04,1,Árbol de decisión (poda 1-SE)
B3_amenities_comunes,0,0.505951266260742,0.5151841027940679,0.00923283653332585,T_arbol_poda_ccp4.64e-04,1,Árbol de decisión (poda 1-SE)
B3_amenities_comunes,1,0.505951266260742,0.5152106430074751,0.00925937674673305,T_arbol_poda_ccp4.64e-04,1,Árbol de decisión (poda 1-SE)
B3_amenities_comunes,2,0.505951266260742,0.5145071051923212,0.008555838931579185,T_arbol_poda_ccp4.64e-04,1,Árbol de decisión (poda 1-SE)
B3_amenities_comunes,3,0.505951266260742,0.5189688028034586,0.013017536542716535,T_arbol_poda_ccp4.64e-04,1,Árbol de decisión (poda 1-SE)
B3_amenities_comunes,4,0.505951266260742,0.5164855649447572,0.01053429868401512,T_arbol_poda_ccp4.64e-04,1,Árbol de decisión (poda 1-SE)
B0_producto,0,0.41824575150282517,0.6878429856129359,0.2695972341101107,S8_svr_gamma0.005_C1.0,0,SVR (Nystroem)
B0_producto,1,0.41824575150282517,0.6788465423236337,0.26060079082080856,S8_svr_gamma0.005_C1.0,0,SVR (Nystroem)
B0_producto,2,0.41824575150282517,0.6853132897102229,0.2670675382073977,S8_svr_gamma0.005_C1.0,0,SVR (Nystroem)
B0_producto,3,0.41824575150282517,0.6881621525153532,0.269916401012528,S8_svr_gamma0.005_C1.0,0,SVR (Nystroem)
B0_producto,4,0.41824575150282517,0.6861600968239099,0.2679143453210847,S8_svr_gamma0.005_C1.0,0,SVR (Nystroem)
B1_ubicacion,0,0.41824575150282517,0.5120445088354442,0.093798757332619,S8_svr_gamma0.005_C1.0,0,SVR (Nystroem)
B1_ubicacion,1,0.41824575150282517,0.5085595963438899,0.09031384484106475,S8_svr_gamma0.005_C1.0,0,SVR (Nystroem)
B1_ubicacion,2,0.41824575150282517,0.5094413344836243,0.0911955829807991,S8_svr_gamma0.005_C1.0,0,SVR (Nystroem)
B1_ubicacion,3,0.41824575150282517,0.5087463452980073,0.09050059379518216,S8_svr_gamma0.005_C1.0,0,SVR (Nystroem)
B1_ubicacion,4,0.41824575150282517,0.5089450697953105,0.09069931829248534,S8_svr_gamma0.005_C1.0,0,SVR (Nystroem)
B2a_condiciones,0,0.41824575150282517,0.4217242449625374,0.0034784934597122397,S8_svr_gamma0.005_C1.0,0,SVR (Nystroem)
B2a_condiciones,1,0.41824575150282517,0.42168344422748777,0.0034376927246626,S8_svr_gamma0.005_C1.0,0,SVR (Nystroem)
B2a_condiciones,2,0.41824575150282517,0.4216879766425744,0.003442225139749233,S8_svr_gamma0.005_C1.0,0,SVR (Nystroem)
B2a_condiciones,3,0.41824575150282517,0.4223706076325909,0.004124856129765708,S8_svr_gamma0.005_C1.0,0,SVR (Nystroem)
B2a_condiciones,4,0.41824575150282517,0.4216790757909807,0.003433324288155515,S8_svr_gamma0.005_C1.0,0,SVR (Nystroem)
B2b_anfitrion,0,0.41824575150282517,0.4713759304826736,0.05313017897984845,S8_svr_gamma0.005_C1.0,0,SVR (Nystroem)
B2b_anfitrion,1,0.41824575150282517,0.4721619382808507,0.05391618677802551,S8_svr_gamma0.005_C1.0,0,SVR (Nystroem)
B2b_anfitrion,2,0.41824575150282517,0.4709586909275265,0.052712939424701344,S8_svr_gamma0.005_C1.0,0,SVR (Nystroem)
B2b_anfitrion,3,0.41824575150282517,0.46957002856830193,0.051324277065476764,S8_svr_gamma0.005_C1.0,0,SVR (Nystroem)
B2b_anfitrion,4,0.41824575150282517,0.4735209283473086,0.05527517684448341,S8_svr_gamma0.005_C1.0,0,SVR (Nystroem)
B3_amenities_comunes,0,0.41824575150282517,0.481360234759451,0.06311448325662583,S8_svr_gamma0.005_C1.0,0,SVR (Nystroem)
B3_amenities_comunes,1,0.41824575150282517,0.48319804617977397,0.0649522946769488,S8_svr_gamma0.005_C1.0,0,SVR (Nystroem)
B3_amenities_comunes,2,0.41824575150282517,0.4817029717140796,0.06345722021125444,S8_svr_gamma0.005_C1.0,0,SVR (Nystroem)
B3_amenities_comunes,3,0.41824575150282517,0.4807831161470007,0.06253736464417553,S8_svr_gamma0.005_C1.0,0,SVR (Nystroem)
B3_amenities_comunes,4,0.41824575150282517,0.48202186918545803,0.06377611768263286,S8_svr_gamma0.005_C1.0,0,SVR (Nystroem)
B0_producto,0,0.45094870588591685,0.7166785482460692,0.2657298423601524,S8_svr_gamma0.005_C1.0,1,SVR (Nystroem)
B0_producto,1,0.45094870588591685,0.7210116660782216,0.2700629601923048,S8_svr_gamma0.005_C1.0,1,SVR (Nystroem)
B0_producto,2,0.45094870588591685,0.7200599189252144,0.2691112130392975,S8_svr_gamma0.005_C1.0,1,SVR (Nystroem)
B0_producto,3,0.45094870588591685,0.7181319894213003,0.26718328353538345,S8_svr_gamma0.005_C1.0,1,SVR (Nystroem)
B0_producto,4,0.45094870588591685,0.7127379113164717,0.26178920543055484,S8_svr_gamma0.005_C1.0,1,SVR (Nystroem)
B1_ubicacion,0,0.45094870588591685,0.5292650587011745,0.07831635281525762,S8_svr_gamma0.005_C1.0,1,SVR (Nystroem)
B1_ubicacion,1,0.45094870588591685,0.5310624421657095,0.08011373627979268,S8_svr_gamma0.005_C1.0,1,SVR (Nystroem)
B1_ubicacion,2,0.45094870588591685,0.5299178385046085,0.07896913261869165,S8_svr_gamma0.005_C1.0,1,SVR (Nystroem)
B1_ubicacion,3,0.45094870588591685,0.5372517813671964,0.08630307548127958,S8_svr_gamma0.005_C1.0,1,SVR (Nystroem)
B1_ubicacion,4,0.45094870588591685,0.5324842585385983,0.08153555265268142,S8_svr_gamma0.005_C1.0,1,SVR (Nystroem)
B2a_condiciones,0,0.45094870588591685,0.45591351383133866,0.004964807945421812,S8_svr_gamma0.005_C1.0,1,SVR (Nystroem)
B2a_condiciones,1,0.45094870588591685,0.4564378244752352,0.005489118589318331,S8_svr_gamma0.005_C1.0,1,SVR (Nystroem)
B2a_condiciones,2,0.45094870588591685,0.4564196492978961,0.005470943411979234,S8_svr_gamma0.005_C1.0,1,SVR (Nystroem)
B2a_condiciones,3,0.45094870588591685,0.4569645522835876,0.0060158463976707766,S8_svr_gamma0.005_C1.0,1,SVR (Nystroem)
B2a_condiciones,4,0.45094870588591685,0.45607183635121773,0.005123130465300885,S8_svr_gamma0.005_C1.0,1,SVR (Nystroem)
B2b_anfitrion,0,0.45094870588591685,0.49756903363403726,0.046620327748120416,S8_svr_gamma0.005_C1.0,1,SVR (Nystroem)
B2b_anfitrion,1,0.45094870588591685,0.5000247509922326,0.0490760451063158,S8_svr_gamma0.005_C1.0,1,SVR (Nystroem)
B2b_anfitrion,2,0.45094870588591685,0.4976655095575442,0.04671680367162734,S8_svr_gamma0.005_C1.0,1,SVR (Nystroem)
B2b_anfitrion,3,0.45094870588591685,0.5014889348793199,0.05054022899340305,S8_svr_gamma0.005_C1.0,1,SVR (Nystroem)
B2b_anfitrion,4,0.45094870588591685,0.49856644202852735,0.0476177361426105,S8_svr_gamma0.005_C1.0,1,SVR (Nystroem)
B3_amenities_comunes,0,0.45094870588591685,0.5098295174969962,0.05888081161107939,S8_svr_gamma0.005_C1.0,1,SVR (Nystroem)
B3_amenities_comunes,1,0.45094870588591685,0.5108731772045101,0.05992447131859324,S8_svr_gamma0.005_C1.0,1,SVR (Nystroem)
B3_amenities_comunes,2,0.45094870588591685,0.5073670605922648,0.05641835470634793,S8_svr_gamma0.005_C1.0,1,SVR (Nystroem)
B3_amenities_comunes,3,0.45094870588591685,0.510660027631377,0.05971132174546012,S8_svr_gamma0.005_C1.0,1,SVR (Nystroem)
B3_amenities_comunes,4,0.45094870588591685,0.5085811477569498,0.057632441871033,S8_svr_gamma0.005_C1.0,1,SVR (Nystroem)
B0_producto,0,0.41861846898934313,0.7303847898533793,0.31176632086403616,RF_ajustado,0,Random Forest (ajustado)
B0_producto,1,0.41861846898934313,0.7233945000283322,0.30477603103898904,RF_ajustado,0,Random Forest (ajustado)
B0_producto,2,0.41861846898934313,0.7289818955528803,0.31036342656353716,RF_ajustado,0,Random Forest (ajustado)
B0_producto,3,0.41861846898934313,0.7317465269274805,0.3131280579381374,RF_ajustado,0,Random Forest (ajustado)
B0_producto,4,0.41861846898934313,0.7320445228121988,0.31342605382285565,RF_ajustado,0,Random Forest (ajustado)
B1_ubicacion,0,0.41861846898934313,0.5251541124912572,0.10653564350191408,RF_ajustado,0,Random Forest (ajustado)
B1_ubicacion,1,0.41861846898934313,0.5195579677070679,0.10093949871772473,RF_ajustado,0,Random Forest (ajustado)
B1_ubicacion,2,0.41861846898934313,0.5218690402483545,0.10325057125901133,RF_ajustado,0,Random Forest (ajustado)
B1_ubicacion,3,0.41861846898934313,0.5186226688428478,0.10000419985350467,RF_ajustado,0,Random Forest (ajustado)
B1_ubicacion,4,0.41861846898934313,0.521234282074736,0.10261581308539286,RF_ajustado,0,Random Forest (ajustado)
B2a_condiciones,0,0.41861846898934313,0.42071688348620184,0.0020984144968587137,RF_ajustado,0,Random Forest (ajustado)
B2a_condiciones,1,0.41861846898934313,0.4205426358340999,0.0019241668447567695,RF_ajustado,0,Random Forest (ajustado)
B2a_condiciones,2,0.41861846898934313,0.4205175879359478,0.001899118946604661,RF_ajustado,0,Random Forest (ajustado)
B2a_condiciones,3,0.41861846898934313,0.42097387202031333,0.0023554030309702045,RF_ajustado,0,Random Forest (ajustado)
B2a_condiciones,4,0.41861846898934313,0.4209308072719376,0.0023123382825944727,RF_ajustado,0,Random Forest (ajustado)
B2b_anfitrion,0,0.41861846898934313,0.46120112086087905,0.042582651871535926,RF_ajustado,0,Random Forest (ajustado)
B2b_anfitrion,1,0.41861846898934313,0.45931583774697016,0.04069736875762703,RF_ajustado,0,Random Forest (ajustado)
B2b_anfitrion,2,0.41861846898934313,0.4606606119218238,0.04204214293248065,RF_ajustado,0,Random Forest (ajustado)
B2b_anfitrion,3,0.41861846898934313,0.4596954941574264,0.04107702516808326,RF_ajustado,0,Random Forest (ajustado)
B2b_anfitrion,4,0.41861846898934313,0.4633946760905259,0.0447762071011828,RF_ajustado,0,Random Forest (ajustado)
B3_amenities_comunes,0,0.41861846898934313,0.44911374956504957,0.03049528057570644,RF_ajustado,0,Random Forest (ajustado)
B3_amenities_comunes,1,0.41861846898934313,0.44921038687283665,0.030591917883493525,RF_ajustado,0,Random Forest (ajustado)
B3_amenities_comunes,2,0.41861846898934313,0.44912649393401816,0.030508024944675027,RF_ajustado,0,Random Forest (ajustado)
B3_amenities_comunes,3,0.41861846898934313,0.44981340024392186,0.03119493125457873,RF_ajustado,0,Random Forest (ajustado)
B3_amenities_comunes,4,0.41861846898934313,0.44935831134156023,0.030739842352217106,RF_ajustado,0,Random Forest (ajustado)
B0_producto,0,0.4485782886772696,0.7485806472717746,0.300002358594505,RF_ajustado,1,Random Forest (ajustado)
B0_producto,1,0.4485782886772696,0.756792536069418,0.30821424739214837,RF_ajustado,1,Random Forest (ajustado)
B0_producto,2,0.4485782886772696,0.7543278742912265,0.3057495856139569,RF_ajustado,1,Random Forest (ajustado)
B0_producto,3,0.4485782886772696,0.7574956029077909,0.3089173142305213,RF_ajustado,1,Random Forest (ajustado)
B0_producto,4,0.4485782886772696,0.7472877311804667,0.29870944250319703,RF_ajustado,1,Random Forest (ajustado)
B1_ubicacion,0,0.4485782886772696,0.5409183834945134,0.09234009481724376,RF_ajustado,1,Random Forest (ajustado)
B1_ubicacion,1,0.4485782886772696,0.5416387219165544,0.09306043323928476,RF_ajustado,1,Random Forest (ajustado)
B1_ubicacion,2,0.4485782886772696,0.5408756341899426,0.09229734551267293,RF_ajustado,1,Random Forest (ajustado)
B1_ubicacion,3,0.4485782886772696,0.5479518864796872,0.09937359780241756,RF_ajustado,1,Random Forest (ajustado)
B1_ubicacion,4,0.4485782886772696,0.5417188323970835,0.0931405437198139,RF_ajustado,1,Random Forest (ajustado)
B2a_condiciones,0,0.4485782886772696,0.45030160079315407,0.0017233121158844456,RF_ajustado,1,Random Forest (ajustado)
B2a_condiciones,1,0.4485782886772696,0.4502708369344663,0.0016925482571966688,RF_ajustado,1,Random Forest (ajustado)
B2a_condiciones,2,0.4485782886772696,0.4510529744415313,0.002474685764261686,RF_ajustado,1,Random Forest (ajustado)
B2a_condiciones,3,0.4485782886772696,0.45075452334310445,0.002176234665834831,RF_ajustado,1,Random Forest (ajustado)
B2a_condiciones,4,0.4485782886772696,0.4506632274389874,0.0020849387617177806,RF_ajustado,1,Random Forest (ajustado)
B2b_anfitrion,0,0.4485782886772696,0.4942004296882039,0.04562214101093426,RF_ajustado,1,Random Forest (ajustado)
B2b_anfitrion,1,0.4485782886772696,0.49804262600666444,0.049464337329394814,RF_ajustado,1,Random Forest (ajustado)
B2b_anfitrion,2,0.4485782886772696,0.4950146326836975,0.046436344006427877,RF_ajustado,1,Random Forest (ajustado)
B2b_anfitrion,3,0.4485782886772696,0.4970391586587743,0.04846086998150467,RF_ajustado,1,Random Forest (ajustado)
B2b_anfitrion,4,0.4485782886772696,0.4955219148112985,0.04694362613402886,RF_ajustado,1,Random Forest (ajustado)
B3_amenities_comunes,0,0.4485782886772696,0.47732033852978456,0.02874204985251494,RF_ajustado,1,Random Forest (ajustado)
B3_amenities_comunes,1,0.4485782886772696,0.4757935078140738,0.027215219136804192,RF_ajustado,1,Random Forest (ajustado)
B3_amenities_comunes,2,0.4485782886772696,0.47590853584390685,0.027330247166637234,RF_ajustado,1,Random Forest (ajustado)
B3_amenities_comunes,3,0.4485782886772696,0.4799405791808726,0.03136229050360295,RF_ajustado,1,Random Forest (ajustado)
B3_amenities_comunes,4,0.4485782886772696,0.47723365899668707,0.02865537031941745,RF_ajustado,1,Random Forest (ajustado)
B0_producto,0,0.4100791527911674,0.7227814243275513,0.3127022715363839,HGB_ajustado,0,HGB (ajustado)
B0_producto,1,0.4100791527911674,0.7155711332569665,0.3054919804657991,HGB_ajustado,0,HGB (ajustado)
B0_producto,2,0.4100791527911674,0.7204151140747523,0.3103359612835849,HGB_ajustado,0,HGB (ajustado)
B0_producto,3,0.4100791527911674,0.722050570323435,0.3119714175322676,HGB_ajustado,0,HGB (ajustado)
B0_producto,4,0.4100791527911674,0.7231448768087145,0.3130657240175471,HGB_ajustado,0,HGB (ajustado)
B1_ubicacion,0,0.4100791527911674,0.5180687730707692,0.10798962027960174,HGB_ajustado,0,HGB (ajustado)
B1_ubicacion,1,0.4100791527911674,0.5143759491842419,0.10429679639307449,HGB_ajustado,0,HGB (ajustado)
B1_ubicacion,2,0.4100791527911674,0.515373998371996,0.10529484558082863,HGB_ajustado,0,HGB (ajustado)
B1_ubicacion,3,0.4100791527911674,0.512622692949725,0.10254354015855754,HGB_ajustado,0,HGB (ajustado)
B1_ubicacion,4,0.4100791527911674,0.5138147755778174,0.10373562278665,HGB_ajustado,0,HGB (ajustado)
B2a_condiciones,0,0.4100791527911674,0.4164870222075394,0.006407869416372003,HGB_ajustado,0,HGB (ajustado)
B2a_condiciones,1,0.4100791527911674,0.415789711701132,0.00571055890996458,HGB_ajustado,0,HGB (ajustado)
B2a_condiciones,2,0.4100791527911674,0.41568634343816574,0.005607190646998328,HGB_ajustado,0,HGB (ajustado)
B2a_condiciones,3,0.4100791527911674,0.4159855040005504,0.005906351209382987,HGB_ajustado,0,HGB (ajustado)
B2a_condiciones,4,0.4100791527911674,0.41563928637205544,0.005560133580888027,HGB_ajustado,0,HGB (ajustado)
B2b_anfitrion,0,0.4100791527911674,0.45976712290807215,0.049687970116904734,HGB_ajustado,0,HGB (ajustado)
B2b_anfitrion,1,0.4100791527911674,0.45721355625418425,0.04713440346301684,HGB_ajustado,0,HGB (ajustado)
B2b_anfitrion,2,0.4100791527911674,0.4590800570011785,0.049000904210011076,HGB_ajustado,0,HGB (ajustado)
B2b_anfitrion,3,0.4100791527911674,0.458626363472223,0.04854721068105561,HGB_ajustado,0,HGB (ajustado)
B2b_anfitrion,4,0.4100791527911674,0.4609757693615505,0.05089661657038308,HGB_ajustado,0,HGB (ajustado)
B3_amenities_comunes,0,0.4100791527911674,0.4478972971695203,0.0378181443783529,HGB_ajustado,0,HGB (ajustado)
B3_amenities_comunes,1,0.4100791527911674,0.44868762201709406,0.038608469225926645,HGB_ajustado,0,HGB (ajustado)
B3_amenities_comunes,2,0.4100791527911674,0.4489474619341863,0.038868309143018864,HGB_ajustado,0,HGB (ajustado)
B3_amenities_comunes,3,0.4100791527911674,0.44801870284485384,0.03793955005368643,HGB_ajustado,0,HGB (ajustado)
B3_amenities_comunes,4,0.4100791527911674,0.4481315956709457,0.03805244287977827,HGB_ajustado,0,HGB (ajustado)
B0_producto,0,0.4354721084892893,0.740643020591064,0.3051709121017747,HGB_ajustado,1,HGB (ajustado)
B0_producto,1,0.4354721084892893,0.7472023387194738,0.31173023023018454,HGB_ajustado,1,HGB (ajustado)
B0_producto,2,0.4354721084892893,0.7442960469509051,0.3088239384616158,HGB_ajustado,1,HGB (ajustado)
B0_producto,3,0.4354721084892893,0.7471748002271765,0.3117026917378872,HGB_ajustado,1,HGB (ajustado)
B0_producto,4,0.4354721084892893,0.7360246641818978,0.3005525556926085,HGB_ajustado,1,HGB (ajustado)
B1_ubicacion,0,0.4354721084892893,0.532931831735379,0.09745972324608965,HGB_ajustado,1,HGB (ajustado)
B1_ubicacion,1,0.4354721084892893,0.5336609760682383,0.09818886757894896,HGB_ajustado,1,HGB (ajustado)
B1_ubicacion,2,0.4354721084892893,0.5324822958008962,0.09701018731160693,HGB_ajustado,1,HGB (ajustado)
B1_ubicacion,3,0.4354721084892893,0.5394552694055776,0.10398316091628834,HGB_ajustado,1,HGB (ajustado)
B1_ubicacion,4,0.4354721084892893,0.5359514588249279,0.1004793503356386,HGB_ajustado,1,HGB (ajustado)
B2a_condiciones,0,0.4354721084892893,0.4424497747179529,0.0069776662286635815,HGB_ajustado,1,HGB (ajustado)
B2a_condiciones,1,0.4354721084892893,0.44297083554349215,0.007498727054202847,HGB_ajustado,1,HGB (ajustado)
B2a_condiciones,2,0.4354721084892893,0.4433760877004286,0.007903979211139278,HGB_ajustado,1,HGB (ajustado)
B2a_condiciones,3,0.4354721084892893,0.44269896683234006,0.007226858343050757,HGB_ajustado,1,HGB (ajustado)
B2a_condiciones,4,0.4354721084892893,0.4427279405524381,0.007255832063148782,HGB_ajustado,1,HGB (ajustado)
B2b_anfitrion,0,0.4354721084892893,0.4920144939094421,0.056542385420152774,HGB_ajustado,1,HGB (ajustado)
B2b_anfitrion,1,0.4354721084892893,0.49503718643904454,0.05956507794975524,HGB_ajustado,1,HGB (ajustado)
B2b_anfitrion,2,0.4354721084892893,0.4914807076166384,0.056008599127349123,HGB_ajustado,1,HGB (ajustado)
B2b_anfitrion,3,0.4354721084892893,0.49362073357587544,0.058148625086586136,HGB_ajustado,1,HGB (ajustado)
B2b_anfitrion,4,0.4354721084892893,0.49120384018288143,0.055731731693592135,HGB_ajustado,1,HGB (ajustado)
B3_amenities_comunes,0,0.4354721084892893,0.4731312020558435,0.037659093566554225,HGB_ajustado,1,HGB (ajustado)
B3_amenities_comunes,1,0.4354721084892893,0.47214319648530895,0.03667108799601965,HGB_ajustado,1,HGB (ajustado)
B3_amenities_comunes,2,0.4354721084892893,0.4721502170830041,0.03667810859371479,HGB_ajustado,1,HGB (ajustado)
B3_amenities_comunes,3,0.4354721084892893,0.4758350383382532,0.04036292984896389,HGB_ajustado,1,HGB (ajustado)
B3_amenities_comunes,4,0.4354721084892893,0.4722424795835919,0.03677037109430259,HGB_ajustado,1,HGB (ajustado)
B0_producto,0,0.40739271002645755,0.7176929828158862,0.3103002727894287,CatBoost_ajustado,0,CatBoost (ajustado)
B0_producto,1,0.40739271002645755,0.7109555630038462,0.30356285297738866,CatBoost_ajustado,0,CatBoost (ajustado)
B0_producto,2,0.40739271002645755,0.7145307947993403,0.3071380847728828,CatBoost_ajustado,0,CatBoost (ajustado)
B0_producto,3,0.40739271002645755,0.7173960729867062,0.3100033629602486,CatBoost_ajustado,0,CatBoost (ajustado)
B0_producto,4,0.40739271002645755,0.720001596098428,0.3126088860719704,CatBoost_ajustado,0,CatBoost (ajustado)
B1_ubicacion,0,0.40739271002645755,0.5203266629416083,0.11293395291515079,CatBoost_ajustado,0,CatBoost (ajustado)
B1_ubicacion,1,0.40739271002645755,0.5135141682431216,0.10612145821666402,CatBoost_ajustado,0,CatBoost (ajustado)
B1_ubicacion,2,0.40739271002645755,0.5156992327180854,0.10830652269162783,CatBoost_ajustado,0,CatBoost (ajustado)
B1_ubicacion,3,0.40739271002645755,0.5138907383584951,0.10649802833203753,CatBoost_ajustado,0,CatBoost (ajustado)
B1_ubicacion,4,0.40739271002645755,0.5152566301698789,0.10786392014342133,CatBoost_ajustado,0,CatBoost (ajustado)
B2a_condiciones,0,0.40739271002645755,0.41537849679634026,0.007985786769882708,CatBoost_ajustado,0,CatBoost (ajustado)
B2a_condiciones,1,0.40739271002645755,0.4150566772919763,0.007663967265518767,CatBoost_ajustado,0,CatBoost (ajustado)
B2a_condiciones,2,0.40739271002645755,0.41475025103348634,0.0073575410070287894,CatBoost_ajustado,0,CatBoost (ajustado)
B2a_condiciones,3,0.40739271002645755,0.41520600762693943,0.007813297600481883,CatBoost_ajustado,0,CatBoost (ajustado)
B2a_condiciones,4,0.40739271002645755,0.41475267005855737,0.0073599600320998215,CatBoost_ajustado,0,CatBoost (ajustado)
B2b_anfitrion,0,0.40739271002645755,0.4588698174437272,0.05147710741726963,CatBoost_ajustado,0,CatBoost (ajustado)
B2b_anfitrion,1,0.40739271002645755,0.4575476337149735,0.05015492368851593,CatBoost_ajustado,0,CatBoost (ajustado)
B2b_anfitrion,2,0.40739271002645755,0.4576313481197514,0.050238638093293875,CatBoost_ajustado,0,CatBoost (ajustado)
B2b_anfitrion,3,0.40739271002645755,0.45548071626859804,0.04808800624214049,CatBoost_ajustado,0,CatBoost (ajustado)
B2b_anfitrion,4,0.40739271002645755,0.46025983946296245,0.0528671294365049,CatBoost_ajustado,0,CatBoost (ajustado)
B3_amenities_comunes,0,0.40739271002645755,0.44810634355272655,0.040713633526269,CatBoost_ajustado,0,CatBoost (ajustado)
B3_amenities_comunes,1,0.40739271002645755,0.44970991094404317,0.04231720091758562,CatBoost_ajustado,0,CatBoost (ajustado)
B3_amenities_comunes,2,0.40739271002645755,0.4493534221298754,0.04196071210341784,CatBoost_ajustado,0,CatBoost (ajustado)
B3_amenities_comunes,3,0.40739271002645755,0.4507914402670269,0.04339873024056934,CatBoost_ajustado,0,CatBoost (ajustado)
B3_amenities_comunes,4,0.40739271002645755,0.450554612515853,0.04316190248939544,CatBoost_ajustado,0,CatBoost (ajustado)
B0_producto,0,0.43129455801719224,0.7360521910922285,0.3047576330750363,CatBoost_ajustado,1,CatBoost (ajustado)
B0_producto,1,0.43129455801719224,0.7397617356414941,0.3084671776243018,CatBoost_ajustado,1,CatBoost (ajustado)
B0_producto,2,0.43129455801719224,0.7383723846784687,0.3070778266612764,CatBoost_ajustado,1,CatBoost (ajustado)
B0_producto,3,0.43129455801719224,0.7399203008373162,0.30862574282012395,CatBoost_ajustado,1,CatBoost (ajustado)
B0_producto,4,0.43129455801719224,0.7310012288117872,0.29970667079459495,CatBoost_ajustado,1,CatBoost (ajustado)
B1_ubicacion,0,0.43129455801719224,0.5339728611637705,0.10267830314657828,CatBoost_ajustado,1,CatBoost (ajustado)
B1_ubicacion,1,0.43129455801719224,0.5352070370420663,0.10391247902487405,CatBoost_ajustado,1,CatBoost (ajustado)
B1_ubicacion,2,0.43129455801719224,0.5332846526426576,0.10199009462546532,CatBoost_ajustado,1,CatBoost (ajustado)
B1_ubicacion,3,0.43129455801719224,0.5415282813433618,0.1102337233261696,CatBoost_ajustado,1,CatBoost (ajustado)
B1_ubicacion,4,0.43129455801719224,0.5368045475129812,0.10550998949578899,CatBoost_ajustado,1,CatBoost (ajustado)
B2a_condiciones,0,0.43129455801719224,0.43820275446819046,0.006908196450998216,CatBoost_ajustado,1,CatBoost (ajustado)
B2a_condiciones,1,0.43129455801719224,0.4387638906762144,0.007469332659022165,CatBoost_ajustado,1,CatBoost (ajustado)
B2a_condiciones,2,0.43129455801719224,0.4388149608258961,0.007520402808703863,CatBoost_ajustado,1,CatBoost (ajustado)
B2a_condiciones,3,0.43129455801719224,0.4388262163246916,0.007531658307499356,CatBoost_ajustado,1,CatBoost (ajustado)
B2a_condiciones,4,0.43129455801719224,0.4388890663164955,0.007594508299303249,CatBoost_ajustado,1,CatBoost (ajustado)
B2b_anfitrion,0,0.43129455801719224,0.4892971479920814,0.05800258997488916,CatBoost_ajustado,1,CatBoost (ajustado)
B2b_anfitrion,1,0.43129455801719224,0.49289014417009497,0.061595586152902726,CatBoost_ajustado,1,CatBoost (ajustado)
B2b_anfitrion,2,0.43129455801719224,0.4887786938356396,0.05748413581844736,CatBoost_ajustado,1,CatBoost (ajustado)
B2b_anfitrion,3,0.43129455801719224,0.49129986819127625,0.060005310174084,CatBoost_ajustado,1,CatBoost (ajustado)
B2b_anfitrion,4,0.43129455801719224,0.48998173121681987,0.05868717319962763,CatBoost_ajustado,1,CatBoost (ajustado)
B3_amenities_comunes,0,0.43129455801719224,0.47181509348822537,0.040520535471033126,CatBoost_ajustado,1,CatBoost (ajustado)
B3_amenities_comunes,1,0.43129455801719224,0.47299247835561387,0.041697920338421623,CatBoost_ajustado,1,CatBoost (ajustado)
B3_amenities_comunes,2,0.43129455801719224,0.4726783669261931,0.04138380890900084,CatBoost_ajustado,1,CatBoost (ajustado)
B3_amenities_comunes,3,0.43129455801719224,0.4750993525441743,0.04380479452698205,CatBoost_ajustado,1,CatBoost (ajustado)
B3_amenities_comunes,4,0.43129455801719224,0.4709673658408181,0.039672807823625866,CatBoost_ajustado,1,CatBoost (ajustado)
