estrategia,semilla,pct_test,desv_room_type,desv_district,desv_celda,hotel_en_test,shared_en_test,staten_en_test
sin estratificar,0,20.000540774388924,2.4488145324357835,2.0733102700002224,2.7689478970598453,26,118,61
sin estratificar,1,19.9978369024443,1.588984483718825,2.8689988991049464,2.5421265823858397,50,103,41
sin estratificar,2,20.000540774388924,0.5492955544880052,2.323960199061259,1.264949627227907,51,147,62
sin estratificar,3,20.000540774388924,0.9955128334970642,2.1683028280651104,1.942822527380783,80,110,79
sin estratificar,4,20.000540774388924,0.47468772240606416,2.8647236219221774,1.5383420072863863,52,165,57
sin estratificar,5,19.9978369024443,2.2200542763123,2.9447973916603254,2.6632491663225983,44,121,58
sin estratificar,6,19.97890979883193,1.885876164051753,2.0483538186412464,1.7591154972971492,54,122,51
sin estratificar,7,20.000540774388924,5.449798667875305,3.7060988118258473,6.170547437109731,56,126,66
sin estratificar,8,20.000540774388924,3.398189977247912,2.7625957472242613,3.5512246076271516,50,142,64
sin estratificar,9,20.00324464633355,3.6830811837584077,0.7764681668939982,2.532460800353342,48,121,52
sin estratificar,10,20.000540774388924,1.4548214263414794,0.594409891562972,1.1834660110339068,60,164,49
sin estratificar,11,19.995133030499677,0.4809706364619304,0.5291150012781576,0.7122911816154459,66,145,55
sin estratificar,12,19.98431754272118,0.2644916205747472,1.2185119326639973,1.2333028637379506,40,146,54
sin estratificar,13,19.9978369024443,1.2503113792130538,1.5758511720324553,1.91962405936425,42,205,61
sin estratificar,14,20.000540774388924,0.6387141033567887,2.4760499117408963,1.9578027627684624,69,175,61
sin estratificar,15,20.000540774388924,1.174387855881165,3.219599618174657,1.5844542651814368,21,147,67
sin estratificar,16,20.000540774388924,2.113876847953228,1.343091762214349,2.5372931897629236,62,154,47
sin estratificar,17,19.99242915855505,2.4015261133973786,1.746256635290544,2.416564383697384,42,126,44
sin estratificar,18,20.000540774388924,0.8702084305219016,2.67296929818463,2.9468953648355347,75,98,44
sin estratificar,19,20.000540774388924,1.8742533956460583,1.3402588368093271,2.753967661672163,59,125,39
sin estratificar,20,20.000540774388924,0.9816534313381753,0.5862108571326963,1.5675554082170335,65,143,65
sin estratificar,21,19.97890979883193,1.6150279414949287,0.2200158219328098,1.0610929233651452,61,162,67
sin estratificar,22,20.000540774388924,1.208185569809983,1.4754496925245608,0.9656994920733797,77,111,65
sin estratificar,23,20.000540774388924,1.157654405206543,1.8676910610223585,2.9886330375970935,67,130,65
sin estratificar,24,20.000540774388924,0.795766004729731,2.0366796306663937,1.2440211623365907,70,143,57
sin estratificar,25,20.0086523902228,2.9043968251648122,1.5706079253943017,3.4519535760747235,60,96,71
sin estratificar,26,20.000540774388924,1.2759464039573731,4.21589744616298,3.6735462143048943,49,152,50
sin estratificar,27,20.000540774388924,1.106792428023562,0.9661847447798549,1.324605096252776,23,141,51
sin estratificar,28,19.97890979883193,1.3074969250945423,2.1420150513458247,2.2271843249684786,44,185,63
sin estratificar,29,19.9978369024443,1.80869190168379,1.3336754635666082,1.7231124278015153,21,104,83
sin estratificar,30,20.000540774388924,1.191286712845574,1.1205736962720814,1.4895640579698943,46,112,58
sin estratificar,31,20.00324464633355,0.5749990583762354,1.7595069323520507,1.5135142336506564,47,149,63
sin estratificar,32,20.000540774388924,0.2620149860931509,2.205668200310434,1.5353313386583745,62,139,70
sin estratificar,33,20.046506597447543,1.2723353591022613,1.3038097817663241,1.829650947822481,82,130,61
sin estratificar,34,20.000540774388924,1.7320501357064866,1.3489586593434564,1.8782377681511864,52,121,50
sin estratificar,35,20.000540774388924,1.1405901419523579,1.0255811382071933,1.7073305769304215,19,161,60
sin estratificar,36,20.000540774388924,2.803690528688263,0.6200085710615033,2.7013524692022255,56,125,52
sin estratificar,37,19.9978369024443,0.8417474875618308,1.3535152638510628,0.9641459311446693,104,103,67
sin estratificar,38,19.995133030499677,2.521662393451546,2.2576560542721293,3.2061500844188795,72,129,75
sin estratificar,39,20.000540774388924,1.0393624064557239,2.3408590560256624,2.042297047590486,62,132,73
sin estratificar,40,20.000540774388924,1.3503888297495437,1.005114622926273,1.5925308441264634,40,145,44
sin estratificar,41,20.000540774388924,0.6387141033567887,1.2813632314858436,1.4975040168026477,59,175,79
sin estratificar,42,20.0086523902228,0.7277527662871042,0.5063036265037346,0.9599600953035248,44,160,43
sin estratificar,43,20.100584036340038,2.015702308914047,0.5813650820963912,1.128165419140209,64,165,59
sin estratificar,44,20.005948518278174,2.3222122361542197,2.5751480423097552,3.237237522996578,43,118,53
sin estratificar,45,20.000540774388924,4.020408230125327,0.797196175135817,3.6307896022444304,44,142,63
sin estratificar,46,20.000540774388924,1.9517352762437379,4.449648518259614,3.3315394670899057,42,116,51
sin estratificar,47,19.95187107938568,0.6274926867760322,2.61675506652288,1.9668870923911452,37,155,60
sin estratificar,48,20.00324464633355,2.1199226810383385,2.6889485278020766,2.063562318141199,45,106,62
sin estratificar,49,20.02757949383517,0.7301424501564902,2.6308796613593644,2.6071866045136782,42,140,68
room_type,0,20.000540774388924,0.01349432032040172,1.1917367824462122,1.3355557237135414,55,137,56
room_type,1,20.000540774388924,0.008366725337316527,0.5495802177988673,1.1619997472390842,54,137,47
room_type,2,20.000540774388924,0.008366725337316527,2.1409056978578365,1.893218003538863,54,137,52
room_type,3,20.000540774388924,0.008366725337316527,0.701669930478499,1.284859152820328,54,137,49
room_type,4,20.000540774388924,0.013456395673850513,1.6508388458901346,2.2818917137201495,54,138,74
room_type,5,20.000540774388924,0.008366725337316527,3.0872416878644504,2.586071139079418,54,137,64
room_type,6,20.000540774388924,0.008366725337316527,0.9323870308510451,1.5721397212151906,54,137,35
room_type,7,20.000540774388924,0.01349432032040172,0.4643512000653549,0.47720628447581737,55,137,67
room_type,8,20.000540774388924,0.008366725337316527,3.3069268284016964,2.433981426399784,54,137,43
room_type,9,20.000540774388924,0.008366725337316527,1.9888159851782106,2.3494871415777636,54,137,57
room_type,10,20.000540774388924,0.008366725337316527,1.2452662787444446,1.1327694401406962,54,137,76
room_type,11,20.000540774388924,0.008366725337316527,0.6456268982684927,0.8623877287102372,54,137,55
room_type,12,20.000540774388924,0.013456395673850513,0.701669930478499,1.1496682971050998,54,138,61
room_type,13,20.000540774388924,0.008366725337316527,0.7720982837411405,1.8763191465744593,54,137,55
room_type,14,20.00324464633355,0.01739331238240771,1.7426097885340497,1.4395330335598007,55,138,49
room_type,15,20.000540774388924,0.008366725337316527,1.8198274155341698,1.8425214326456523,54,137,57
room_type,16,20.00324464633355,0.01739331238240771,1.8440913369023482,2.030933067189611,55,138,74
room_type,17,20.000540774388924,0.008366725337316527,1.118274457459488,1.3862522946067517,54,137,34
room_type,18,20.000540774388924,0.01349432032040172,1.8198274155341698,2.163599714969322,55,137,62
room_type,19,20.00324464633355,0.013141613800043278,1.2695884470905305,1.6254016155577395,54,138,41
room_type,20,20.000540774388924,0.008366725337316527,0.8058959976699476,1.11587058317629,54,137,49
room_type,21,20.000540774388924,0.008366725337316527,0.8478927460290275,0.851437101249472,54,137,60
room_type,22,20.000540774388924,0.01349432032040172,1.3886561688899457,1.9101168605032663,55,137,48
room_type,23,20.000540774388924,0.013456395673850513,1.980116162644077,1.5273913798256198,54,138,50
room_type,24,20.000540774388924,0.01349432032040172,1.3804571344596728,1.690431719966018,55,137,59
room_type,25,20.000540774388924,0.01349432032040172,0.8839896987704265,1.0501937768954028,55,137,61
room_type,26,20.000540774388924,0.01349432032040172,1.515647990174901,2.129802001040515,55,137,74
room_type,27,20.000540774388924,0.013456395673850513,1.3635582774952693,1.11587058317629,54,138,66
room_type,28,20.000540774388924,0.008366725337316527,1.515647990174901,1.724229433894825,54,137,52
room_type,29,20.000540774388924,0.008366725337316527,1.005849355837768,1.026808891523856,54,137,41
room_type,30,20.00324464633355,0.01336913861134971,1.7764040761700461,1.7331771032845862,55,137,52
room_type,31,20.000540774388924,0.008366725337316527,2.259197696608667,1.7749260047880355,54,137,67
room_type,32,20.000540774388924,0.01349432032040172,1.5663445610681115,1.4876454363931728,55,137,63
room_type,33,20.000540774388924,0.008366725337316527,0.6707051419547194,1.3355557237135414,54,137,57
room_type,34,20.000540774388924,0.008366725337316527,2.022613699107012,1.7749260047880355,54,137,65
room_type,35,20.000540774388924,0.013456395673850513,1.3973559914240763,1.2679602958559244,54,138,58
room_type,36,20.000540774388924,0.013456395673850513,1.0762777091004094,2.129802001040515,54,138,47
room_type,37,20.000540774388924,0.008366725337316527,1.7184342737477487,1.6228362921084039,54,137,56
room_type,38,20.00324464633355,0.01336913861134971,0.6259947699995522,1.18607587628988,55,137,53
room_type,39,20.000540774388924,0.008366725337316527,0.5157825038700603,0.8961854426390442,54,137,51
room_type,40,20.000540774388924,0.008366725337316527,1.6818036344139142,2.264992856755746,54,137,43
room_type,41,20.000540774388924,0.01349432032040172,1.1351733144238916,1.4597959519680057,55,137,50
room_type,42,20.000540774388924,0.013456395673850513,1.0762777091004094,1.5383420072863863,54,138,68
room_type,43,20.000540774388924,0.013456395673850513,1.8676910610223585,0.9975785844254653,54,138,46
room_type,44,20.000540774388924,0.008366725337316527,1.4480525623172869,2.33258828461336,54,137,55
room_type,45,20.000540774388924,0.01349432032040172,0.6958030333493931,1.2679602958559244,55,137,63
room_type,46,20.000540774388924,0.008366725337316527,1.1689710283526986,1.4090993810747938,54,137,67
room_type,47,20.000540774388924,0.008366725337316527,0.8199619292293292,1.8087237187168426,54,137,67
room_type,48,20.000540774388924,0.008366725337316527,1.2959628496376552,1.859420289610056,54,137,79
room_type,49,20.000540774388924,0.008366725337316527,1.3973559914240763,2.2480939997913394,54,137,56
district,0,20.00324464633355,1.6805969417704847,0.003922747047948108,0.9052170562028505,46,134,58
district,1,20.000540774388924,2.144635107076515,0.013545495747072957,1.064081965231789,45,135,57
district,2,20.000540774388924,2.178432821005327,0.01394895915556027,1.638643102021517,17,156,58
district,3,20.000540774388924,2.4826122463645905,0.01164972034297107,1.638643102021517,36,128,58
district,4,19.9978369024443,2.3657490396505776,0.0050997828260235245,1.699916641399285,58,144,58
district,5,20.000540774388924,1.7052648260020176,0.00808206202645434,0.8950933955877538,49,129,58
district,6,20.000540774388924,1.4010854006427542,0.013545495747072957,1.0471831082673884,47,140,57
district,7,20.000540774388924,2.4757652484300396,0.01394895915556027,1.3325450550855267,52,179,58
district,8,20.000540774388924,0.4885471245649531,0.00808206202645434,0.7137902819774694,50,132,58
district,9,20.00324464633355,2.045050570541762,0.014693168537388557,1.0443471076854087,66,127,58
district,10,20.000540774388924,1.4618338305658063,0.00808206202645434,0.9945679157974507,71,151,58
district,11,20.00324464633355,1.5116255035905357,0.003922747047948108,1.0443471076854087,35,141,58
district,12,20.000540774388924,1.4956315444946244,0.013428523343252813,0.8916180358086251,41,151,58
district,13,20.000540774388924,1.7829121128894787,0.01394895915556027,1.0959610575838719,43,178,58
district,14,20.000540774388924,2.144635107076515,0.01394895915556027,1.2161716779114236,25,152,58
district,15,20.000540774388924,2.465713389400187,0.013428523343252813,1.2126963181322976,71,102,58
district,16,20.000540774388924,1.7052648260020176,0.01394895915556027,0.8747191788442216,32,140,58
district,17,20.000540774388924,1.21519797403431,0.01394895915556027,0.5909139702284849,62,124,58
district,18,20.000540774388924,1.5463281153878294,0.00808206202645434,1.5506734574203707,58,149,58
district,19,20.000540774388924,2.763045816824894,0.013545495747072957,1.4508370538363513,81,146,57
district,20,20.00324464633355,2.2985077278116828,0.01609669508424172,1.3369851339674277,49,160,58
district,21,20.000540774388924,1.6139235432454435,0.01394895915556027,0.808680489189012,53,171,58
district,22,20.000540774388924,2.4757652484300396,0.00808206202645434,1.0959610575838719,71,136,58
district,23,20.00324464633355,2.146433433449735,0.003922747047948108,1.6580308665093302,57,180,58
district,24,20.000540774388924,1.985698396462332,0.00808206202645434,1.0790622006194739,63,135,58
district,25,20.000540774388924,0.7351829810964494,0.00808206202645434,0.76448685287068,36,156,58
district,26,20.000540774388924,1.6815189711030576,0.013545495747072957,1.2987473411567196,44,152,57
district,27,20.00324464633355,1.0819133729160657,0.003922747047948108,1.0497336890615216,54,159,58
district,28,20.000540774388924,2.12088925217756,0.00808206202645434,1.4339381968719478,38,178,58
district,29,20.000540774388924,3.310656237620374,0.00808206202645434,1.7062385298791312,43,118,58
district,30,20.000540774388924,1.654568255108807,0.01164972034297107,1.0471831082673884,68,118,58
district,31,20.000540774388924,1.2928452609217822,0.01164972034297107,0.6997645596818993,63,149,58
district,32,20.000540774388924,2.3812191045781694,0.013545495747072957,0.9423146067018356,40,117,57
district,33,20.000540774388924,1.3773395457437942,0.013545495747072957,0.9964865373741749,59,139,57
district,34,20.000540774388924,0.3195585549209179,0.01394895915556027,0.7460143515361339,58,130,58
district,35,20.000540774388924,2.729248102896087,0.00808206202645434,1.264949627227907,45,182,58
district,36,20.000540774388924,2.5771583902164608,0.01164972034297107,1.6874210513380061,66,199,58
district,37,20.00324464633355,2.3660963030836646,0.01609669508424172,1.556648003601363,53,160,58
district,38,20.000540774388924,1.6815189711030576,0.013545495747072957,1.2142530563346965,34,167,57
district,39,20.000540774388924,2.4150168185069765,0.00808206202645434,1.5353313386583745,45,125,58
district,40,20.000540774388924,0.8583992438940369,0.013545495747072957,0.8424782031178191,33,188,57
district,41,20.000540774388924,3.5403932371874722,0.013545495747072957,2.3464764729497487,44,169,57
district,42,20.000540774388924,1.191452119135361,0.00808206202645434,0.7475879959062764,53,156,58
district,43,20.000540774388924,2.2460282488629355,0.00808206202645434,1.2987473411567196,46,142,58
district,44,20.000540774388924,1.6714671120732105,0.00808206202645434,1.3513625336266517,44,125,58
district,45,20.000540774388924,1.5632269723522274,0.01394895915556027,0.9165765655503144,60,158,58
district,46,20.000540774388924,1.0562612634201218,0.00808206202645434,0.6396919195449713,79,154,58
district,47,20.000540774388924,2.8543870995814737,0.013428523343252813,1.6555419589859204,41,136,58
district,48,20.000540774388924,0.8196772659184726,0.00808206202645434,0.6903884904381818,90,123,58
district,49,20.000540774388924,0.6675875532388353,0.01164972034297107,1.0790622006194739,88,120,58
room_type x district,0,20.000540774388924,0.08108974817801658,0.07054532566645733,0.08787323375268503,59,136,57
room_type x district,1,20.00324464633355,0.08095771388332831,0.08528616782372822,0.08786021358055576,59,136,58
room_type x district,2,20.00324464633355,0.04716342624733905,0.06838902400573277,0.08786021358055576,57,139,57
room_type x district,3,20.00324464633355,0.08095771388332831,0.06838902400573277,0.08786021358055576,59,136,58
room_type x district,4,20.00324464633355,0.08095771388332831,0.06838902400573277,0.08786021358055576,59,136,57
room_type x district,5,20.00324464633355,0.08095771388332831,0.08528616782372822,0.08786021358055576,59,136,57
room_type x district,6,20.000540774388924,0.06419089121361297,0.07054532566645733,0.08787323375268503,58,136,56
room_type x district,7,20.000540774388924,0.06419089121361297,0.08744418263086084,0.08787323375268503,58,135,56
room_type x district,8,20.000540774388924,0.08108974817801658,0.08744418263086084,0.08787323375268503,59,135,57
room_type x district,9,20.00324464633355,0.08095771388332831,0.06838902400573277,0.08786021358055576,59,137,57
room_type x district,10,20.000540774388924,0.08108974817801658,0.07054532566645733,0.08787323375268503,59,136,58
room_type x district,11,20.00324464633355,0.08095771388332831,0.08528616782372822,0.08786021358055576,59,136,57
room_type x district,12,20.000540774388924,0.06419089121361297,0.07054532566645733,0.08787323375268503,58,136,58
room_type x district,13,20.00324464633355,0.08095771388332831,0.08528616782372822,0.08786021358055576,59,137,57
room_type x district,14,20.000540774388924,0.06419089121361297,0.07054532566645733,0.08787323375268503,58,136,56
room_type x district,15,20.000540774388924,0.08108974817801658,0.08744418263086084,0.08787323375268503,59,136,56
room_type x district,16,20.00324464633355,0.06406057006533364,0.08528616782372822,0.08786021358055576,58,137,57
room_type x district,17,20.005948518278174,0.08082570709474031,0.10002402244884967,0.08784719685066313,59,136,57
room_type x district,18,20.00324464633355,0.09785485770132281,0.06838902400573277,0.08786021358055576,60,136,58
room_type x district,19,20.00324464633355,0.04716342624733905,0.08528616782372822,0.08786021358055576,57,137,58
room_type x district,20,20.00324464633355,0.08095771388332831,0.08528616782372822,0.08786021358055576,59,136,57
room_type x district,21,20.000540774388924,0.08108974817801658,0.07054532566645733,0.08787323375268503,59,136,58
room_type x district,22,20.00324464633355,0.06406057006533364,0.08528616782372822,0.08786021358055576,58,136,56
room_type x district,23,20.000540774388924,0.08108974817801658,0.07054532566645733,0.08787323375268503,59,136,56
room_type x district,24,20.00324464633355,0.08095771388332831,0.06838902400573277,0.08786021358055576,59,136,58
room_type x district,25,20.00324464633355,0.08095771388332831,0.06838902400573277,0.08786021358055576,59,136,57
room_type x district,26,20.000540774388924,0.04729203424920919,0.07054532566645733,0.08787323375268503,57,137,57
room_type x district,27,20.000540774388924,0.08108974817801658,0.07054532566645733,0.08787323375268503,59,136,56
room_type x district,28,20.00324464633355,0.06406057006533364,0.08528616782372822,0.08786021358055576,58,136,57
room_type x district,29,20.000540774388924,0.06419089121361297,0.07054532566645733,0.08787323375268503,58,136,57
room_type x district,30,20.00324464633355,0.08095771388332831,0.08528616782372822,0.08786021358055576,59,136,57
room_type x district,31,20.00324464633355,0.08095771388332831,0.06838902400573277,0.08786021358055576,59,136,57
room_type x district,32,20.00324464633355,0.09785485770132281,0.06838902400573277,0.08786021358055576,60,135,57
room_type x district,33,20.005948518278174,0.08082570709474031,0.06623316010232472,0.08784719685066313,59,136,58
room_type x district,34,20.000540774388924,0.04729203424920919,0.07054532566645733,0.08787323375268503,57,138,57
room_type x district,35,20.00324464633355,0.08095771388332831,0.06838902400573277,0.08786021358055576,59,135,57
room_type x district,36,20.000540774388924,0.04729203424920919,0.07054532566645733,0.08787323375268503,57,138,56
room_type x district,37,20.000540774388924,0.08108974817801658,0.08744418263086084,0.08787323375268503,59,136,57
room_type x district,38,20.00324464633355,0.06406057006533364,0.06838902400573277,0.08786021358055576,58,137,58
room_type x district,39,20.00324464633355,0.06406057006533364,0.08528616782372822,0.08786021358055576,58,136,57
room_type x district,40,20.000540774388924,0.08108974817801658,0.07054532566645733,0.08787323375268503,59,136,57
room_type x district,41,20.00324464633355,0.08095771388332831,0.08528616782372822,0.08786021358055576,59,136,57
room_type x district,42,20.00324464633355,0.04716342624733905,0.08528616782372822,0.08786021358055576,57,137,58
room_type x district,43,20.005948518278174,0.08082570709474031,0.06623316010232472,0.08784719685066313,59,138,56
room_type x district,44,20.000540774388924,0.08108974817801658,0.07054532566645733,0.08787323375268503,59,136,58
room_type x district,45,20.00324464633355,0.06406057006533364,0.06838902400573277,0.08786021358055576,58,137,58
room_type x district,46,20.000540774388924,0.08108974817801658,0.07054532566645733,0.08787323375268503,59,136,57
room_type x district,47,20.000540774388924,0.04729203424920919,0.08744418263086084,0.08787323375268503,57,136,56
room_type x district,48,20.005948518278174,0.06004355927584637,0.06623316010232472,0.08784719685066313,57,140,57
room_type x district,49,20.000540774388924,0.08108974817801658,0.07054532566645733,0.08787323375268503,59,137,57
